[{"type":"row","layout":"39","settings":{"name":"Top Bar","background_color":"#f5f5f5","color":"#999999","background_image":"","background_repeat":"no-repeat","background_size":"cover","background_attachment":"fixed","background_position":"0 0","link_color":"","link_hover_color":"","hidden_xs":0,"hidden_sm":0,"hidden_md":0,"padding":"","margin":"","fluidrow":0,"custom_class":"","bg_position":"contain","bg_img_size":"cover","bg_repeat":"no-repeat","md_hidden":0,"ms_hidden":0,"xs_hidden":0,"text_color":"#ffffff","bg_image":"images/powered_by.png","bg_color":"#f02222"},"attr":[{"type":"sp_col","className":"layout-column col-sm-3 column-active","settings":{"column_type":0,"name":"logo","hidden_xs":0,"hidden_sm":0,"hidden_md":0,"sm_col":"","xs_col":"","custom_class":"","sortableitem":"[object Object]","md_hidden":0,"ms_hidden":0,"xs_hidden":0}},{"type":"sp_col","className":"layout-column col-sm-9","settings":{"sortableitem":"[object Object]","xs_col":"","sm_col":"","hidden_md":0,"hidden_sm":1,"hidden_xs":1,"md_hidden":0,"ms_hidden":0,"xs_hidden":0,"custom_class":"","name":"top-b","column_type":0}}]},{"type":"row","layout":"39","settings":{"name":"Header","background_color":"","color":"","background_image":"","link_color":"","link_hover_color":"","hidden_xs":0,"hidden_sm":0,"hidden_md":0,"padding":"","margin":"","fluidrow":0,"custom_class":""},"attr":[{"type":"sp_col","className":"layout-column col-sm-9","settings":{"xs_col":"col-xs-12","sm_col":"col-sm-12","hidden_md":0,"hidden_sm":0,"hidden_xs":0,"column_type":0,"name":"menu","xs_hidden":0,"ms_hidden":0,"md_hidden":0,"custom_class":"","sortableitem":"[object Object]"}},{"type":"sp_col","className":"layout-column col-sm-3","settings":{"column_type":0,"name":"header-b","hidden_xs":1,"hidden_sm":1,"hidden_md":0,"sm_col":"","xs_col":"col-xs-8","custom_class":"","xs_hidden":0,"ms_hidden":0,"md_hidden":0,"sortableitem":"[object Object]"}}]},{"type":"row","layout":12,"settings":{"custom_class":"","fluidrow":1,"margin":"","padding":"","hidden_md":0,"hidden_sm":0,"hidden_xs":0,"link_hover_color":"","link_color":"","background_image":"","color":"","background_color":"","name":"Page Title"},"attr":[{"type":"sp_col","className":"layout-column col-sm-12","settings":{"custom_class":"","xs_col":"","sm_col":"","hidden_md":0,"hidden_sm":0,"hidden_xs":0,"name":"title","column_type":0}}]},{"type":"row","layout":12,"settings":{"name":"Slider","background_color":"","color":"","background_image":"","link_color":"","link_hover_color":"","hidden_xs":0,"hidden_sm":0,"hidden_md":0,"padding":"","margin":"","fluidrow":0,"custom_class":""},"attr":[{"type":"sp_col","className":"layout-column col-sm-12","settings":{"column_type":0,"name":"slider","hidden_xs":0,"hidden_sm":0,"hidden_md":0,"sm_col":"","xs_col":"","custom_class":""}}]},{"type":"row","layout":12,"settings":{"custom_class":"","fluidrow":0,"margin":"","padding":"","hidden_md":0,"hidden_sm":0,"hidden_xs":0,"link_hover_color":"","link_color":"","background_image":"","color":"","background_color":"","name":"Drawer"},"attr":[{"type":"sp_col","className":"layout-column col-sm-12","settings":{"custom_class":"","xs_col":"","sm_col":"","hidden_md":0,"hidden_sm":0,"hidden_xs":0,"name":"drawer","column_type":0}}]},{"type":"row","layout":12,"settings":{"name":"Showcase","background_color":"","color":"","background_image":"","link_color":"","link_hover_color":"","hidden_xs":0,"hidden_sm":0,"hidden_md":0,"padding":"","margin":"","fluidrow":0,"custom_class":""},"attr":[{"type":"sp_col","className":"layout-column col-sm-12","settings":{"column_type":0,"name":"showcase-a","hidden_xs":0,"hidden_sm":0,"hidden_md":0,"sm_col":"","xs_col":"","custom_class":""}}]},{"type":"row","layout":12,"settings":{"custom_class":"","fluidrow":0,"margin":"","padding":"","hidden_md":0,"hidden_sm":0,"hidden_xs":0,"link_hover_color":"","link_color":"","background_image":"","color":"","background_color":"","name":"Feature"},"attr":[{"type":"sp_col","className":"layout-column col-sm-12","settings":{"custom_class":"","xs_col":"","sm_col":"","hidden_md":0,"hidden_sm":0,"hidden_xs":0,"name":"feature-a","column_type":0}}]},{"type":"row","layout":12,"settings":{"name":"Utility","background_color":"","color":"","background_image":"","link_color":"","link_hover_color":"","hidden_xs":0,"hidden_sm":0,"hidden_md":0,"padding":"","margin":"","fluidrow":0,"custom_class":""},"attr":[{"type":"sp_col","className":"layout-column col-sm-12","settings":{"column_type":0,"name":"utility-a","hidden_xs":0,"hidden_sm":0,"hidden_md":0,"sm_col":"","xs_col":"","custom_class":""}}]},{"type":"row","layout":12,"settings":{"custom_class":"","fluidrow":0,"margin":"","padding":"","hidden_md":0,"hidden_sm":0,"hidden_xs":0,"link_hover_color":"","link_color":"","background_image":"","color":"","background_color":"","name":"Maintop"},"attr":[{"type":"sp_col","className":"layout-column col-sm-12","settings":{"custom_class":"","xs_col":"","sm_col":"","hidden_md":0,"hidden_sm":0,"hidden_xs":0,"name":"maintop-a","column_type":0}}]},{"type":"row","layout":12,"settings":{"custom_class":"","fluidrow":0,"margin":"","padding":"","hidden_md":0,"hidden_sm":0,"hidden_xs":0,"link_hover_color":"","link_color":"","background_image":"","color":"","background_color":"","name":"Custom-Position-1"},"attr":[{"type":"sp_col","className":"layout-column col-sm-12","settings":{"column_type":0,"name":"custom-position-1","hidden_xs":0,"hidden_sm":0,"hidden_md":0,"sm_col":"","xs_col":"","custom_class":""}}]},{"type":"row","layout":12,"settings":{"name":"Custom-Position-2","background_color":"","color":"","background_image":"","link_color":"","link_hover_color":"","hidden_xs":0,"hidden_sm":0,"hidden_md":0,"padding":"","margin":"","fluidrow":0,"custom_class":""},"attr":[{"type":"sp_col","className":"layout-column col-sm-12","settings":{"column_type":0,"name":"custom-position-2","hidden_xs":0,"hidden_sm":0,"hidden_md":0,"sm_col":"","xs_col":"","custom_class":""}}]},{"type":"row","layout":12,"settings":{"custom_class":"","fluidrow":0,"margin":"","padding":"","hidden_md":0,"hidden_sm":0,"hidden_xs":0,"link_hover_color":"","link_color":"","background_image":"","color":"","background_color":"","name":"Custom-Position-3"},"attr":[{"type":"sp_col","className":"layout-column col-sm-12","settings":{"custom_class":"","xs_col":"","sm_col":"","hidden_md":0,"hidden_sm":0,"hidden_xs":0,"name":"custom-position-3","column_type":0}}]},{"type":"row","layout":12,"settings":{"custom_class":"","fluidrow":0,"margin":"","padding":"","hidden_md":0,"hidden_sm":0,"hidden_xs":0,"link_hover_color":"","link_color":"","background_image":"","color":"","background_color":"","name":"Custom-Position-4"},"attr":[{"type":"sp_col","className":"layout-column col-sm-12","settings":{"column_type":0,"name":"custom-position-4","hidden_xs":0,"hidden_sm":0,"hidden_md":0,"sm_col":"","xs_col":"","custom_class":""}}]},{"type":"row","layout":12,"settings":{"name":"Custom-Position-5","background_color":"","color":"","background_image":"","link_color":"","link_hover_color":"","hidden_xs":0,"hidden_sm":0,"hidden_md":0,"padding":"","margin":"","fluidrow":0,"custom_class":""},"attr":[{"type":"sp_col","className":"layout-column col-sm-12","settings":{"column_type":0,"name":"custom-position-5","hidden_xs":0,"hidden_sm":0,"hidden_md":0,"sm_col":"","xs_col":"","custom_class":""}}]},{"type":"row","layout":12,"settings":{"name":"Custom-Position-6","background_color":"","color":"","background_image":"","link_color":"","link_hover_color":"","hidden_xs":0,"hidden_sm":0,"hidden_md":0,"padding":"","margin":"","fluidrow":0,"custom_class":""},"attr":[{"type":"sp_col","className":"layout-column col-sm-12","settings":{"custom_class":"","xs_col":"","sm_col":"","hidden_md":0,"hidden_sm":0,"hidden_xs":0,"name":"custom-position-6","column_type":0}}]},{"type":"row","layout":12,"settings":{"custom_class":"","fluidrow":1,"margin":"","padding":"","hidden_md":0,"hidden_sm":0,"hidden_xs":0,"link_hover_color":"","link_color":"","background_image":"","color":"","background_color":"","name":"Custom-Position-7"},"attr":[{"type":"sp_col","className":"layout-column col-sm-12","settings":{"custom_class":"","xs_col":"","sm_col":"","hidden_md":0,"hidden_sm":0,"hidden_xs":0,"name":"custom-position-7","column_type":0}}]},{"type":"row","layout":"66","settings":{"name":"Content Top","background_color":"","color":"","background_image":"","link_color":"","link_hover_color":"","hidden_xs":0,"hidden_sm":0,"hidden_md":0,"padding":"","margin":"","fluidrow":0,"custom_class":""},"attr":[{"type":"sp_col","className":"layout-column col-sm-6","settings":{"sortableitem":"[object Object]","custom_class":"","xs_col":"","sm_col":"","hidden_md":0,"hidden_sm":0,"hidden_xs":0,"name":"content-top-a","column_type":0}},{"type":"sp_col","className":"layout-column col-sm-6","settings":{"column_type":0,"name":"content-top-b","hidden_xs":0,"hidden_sm":0,"hidden_md":0,"sm_col":"","xs_col":"","custom_class":""}}]},{"type":"row","layout":"264","settings":{"custom_class":"","md_hidden":0,"ms_hidden":0,"xs_hidden":0,"link_hover_color":"","link_color":"","text_color":"","bg_image":"","bg_color":"","name":"Main Body"},"attr":[{"type":"sp_col","className":"layout-column col-sm-2","settings":{"sortableitem":"[object Object]","column_type":0,"name":"sidebar-b","xs_hidden":0,"ms_hidden":0,"md_hidden":0,"custom_class":"class2","hidden_xs":0,"hidden_sm":0,"hidden_md":0,"sm_col":"","xs_col":""}},{"type":"sp_col","className":"layout-column col-sm-6","settings":{"sortableitem":"[object Object]","xs_hidden":0,"ms_hidden":0,"md_hidden":0,"custom_class":"","name":"","column_type":1}},{"type":"sp_col","className":"layout-column col-sm-4","settings":{"sortableitem":"[object Object]","custom_class":"custom-class","md_hidden":0,"ms_hidden":0,"xs_hidden":0,"name":"sidebar-a","column_type":0,"hidden_xs":0,"hidden_sm":0,"hidden_md":0,"sm_col":"","xs_col":""}}]},{"type":"row","layout":"444","settings":{"custom_class":"","fluidrow":0,"margin":"","padding":"","hidden_md":0,"hidden_sm":0,"hidden_xs":0,"link_hover_color":"","link_color":"","background_image":"","color":"","background_color":"","name":"Mainbottom"},"attr":[{"type":"sp_col","className":"layout-column col-sm-4","settings":{"sortableitem":"[object Object]","column_type":0,"name":"mainbottom-a","hidden_xs":0,"hidden_sm":0,"hidden_md":0,"sm_col":"","xs_col":"","custom_class":""}},{"type":"sp_col","className":"layout-column col-sm-4","settings":{"sortableitem":"[object Object]","column_type":0,"name":"mainbottom-b","hidden_xs":0,"hidden_sm":0,"hidden_md":0,"sm_col":"","xs_col":"","custom_class":""}},{"type":"sp_col","className":"layout-column col-sm-4","settings":{"sortableitem":"[object Object]","column_type":0,"name":"mainbottom-c","hidden_xs":0,"hidden_sm":0,"hidden_md":0,"sm_col":"","xs_col":"","custom_class":""}}]},{"type":"row","layout":"3333","settings":{"custom_class":"","fluidrow":0,"margin":"","padding":"","hidden_md":0,"hidden_sm":0,"hidden_xs":0,"link_hover_color":"","link_color":"","background_image":"","color":"","background_color":"","name":"Extension"},"attr":[{"type":"sp_col","className":"layout-column col-sm-3","settings":{"custom_class":"","xs_col":"","sm_col":"","hidden_md":0,"hidden_sm":0,"hidden_xs":0,"name":"extension-a","column_type":0,"sortableitem":"[object Object]"}},{"type":"sp_col","className":"layout-column col-sm-3","settings":{"custom_class":"","xs_col":"","sm_col":"","hidden_md":0,"hidden_sm":0,"hidden_xs":0,"name":"extension-b","column_type":0}},{"type":"sp_col","className":"layout-column col-sm-3","settings":{"custom_class":"","xs_col":"","sm_col":"","hidden_md":0,"hidden_sm":0,"hidden_xs":0,"name":"extension-c","column_type":0}},{"type":"sp_col","className":"layout-column col-sm-3","settings":{"custom_class":"","xs_col":"","sm_col":"","hidden_md":0,"hidden_sm":0,"hidden_xs":0,"name":"extension-d","column_type":0}}]},{"type":"row","layout":12,"settings":{"custom_class":"","fluidrow":0,"margin":"","padding":"","hidden_md":0,"hidden_sm":0,"hidden_xs":0,"link_hover_color":"","link_color":"","background_image":"","color":"","background_color":"","name":"Custom-Position-8"},"attr":[{"type":"sp_col","className":"layout-column col-sm-12","settings":{"custom_class":"","xs_col":"","sm_col":"","hidden_md":0,"hidden_sm":0,"hidden_xs":0,"name":"custom-position-8","column_type":0}}]},{"type":"row","layout":12,"settings":{"custom_class":"","fluidrow":0,"margin":"","padding":"","hidden_md":0,"hidden_sm":0,"hidden_xs":0,"link_hover_color":"","link_color":"","background_image":"","color":"","background_color":"","name":"Custom-Position-9"},"attr":[{"type":"sp_col","className":"layout-column col-sm-12","settings":{"custom_class":"","xs_col":"","sm_col":"","hidden_md":0,"hidden_sm":0,"hidden_xs":0,"name":"custom-position-9","column_type":0}}]},{"type":"row","layout":"3333","settings":{"custom_class":"","fluidrow":0,"margin":"","padding":"100px 0px","hidden_md":0,"hidden_sm":0,"hidden_xs":0,"link_hover_color":"","link_color":"","background_image":"","color":"","background_color":"#f5f5f5","name":"Bottom"},"attr":[{"type":"sp_col","className":"layout-column col-sm-3","settings":{"column_type":0,"name":"bottom-a","hidden_xs":0,"hidden_sm":0,"hidden_md":0,"sm_col":"col-sm-12","xs_col":"","custom_class":"","sortableitem":"[object Object]"}},{"type":"sp_col","className":"layout-column col-sm-3","settings":{"custom_class":"","xs_col":"","sm_col":"col-sm-12","hidden_md":0,"hidden_sm":0,"hidden_xs":0,"name":"bottom-b","column_type":0}},{"type":"sp_col","className":"layout-column col-sm-3","settings":{"custom_class":"","xs_col":"","sm_col":"col-sm-12","hidden_md":0,"hidden_sm":0,"hidden_xs":0,"name":"bottom-c","column_type":0}},{"type":"sp_col","className":"layout-column col-sm-3","settings":{"custom_class":"","xs_col":"","sm_col":"col-sm-12","hidden_md":0,"hidden_sm":0,"hidden_xs":0,"name":"bottom-d","column_type":0}}]},{"type":"row","layout":12,"settings":{"custom_class":"","fluidrow":0,"margin":"","padding":"","hidden_md":0,"hidden_sm":0,"hidden_xs":0,"link_hover_color":"","link_color":"","background_image":"","color":"","background_color":"","name":"Chronoform"},"attr":[{"type":"sp_col","className":"layout-column col-sm-12","settings":{"custom_class":"","xs_col":"","sm_col":"","hidden_md":0,"hidden_sm":0,"hidden_xs":0,"name":"chronoform","column_type":0}}]},{"type":"row","layout":12,"settings":{"name":"Custom-Position-10","background_color":"","color":"","background_image":"","link_color":"","link_hover_color":"","hidden_xs":0,"hidden_sm":0,"hidden_md":0,"padding":"","margin":"","fluidrow":1,"custom_class":""},"attr":[{"type":"sp_col","className":"layout-column col-sm-12","settings":{"column_type":0,"name":"custom-position-10","hidden_xs":0,"hidden_sm":0,"hidden_md":0,"sm_col":"","xs_col":"","custom_class":""}}]},{"type":"row","layout":"444","settings":{"custom_class":"","md_hidden":0,"ms_hidden":0,"xs_hidden":0,"link_hover_color":"","link_color":"","text_color":"","bg_image":"","bg_color":"","name":"Footer"},"attr":[{"type":"sp_col","className":"layout-column col-sm-4","settings":{"sortableitem":"[object Object]","custom_class":"","md_hidden":0,"ms_hidden":0,"xs_hidden":0,"name":"footer-a","column_type":0,"hidden_xs":0,"hidden_sm":0,"hidden_md":0,"sm_col":"","xs_col":""}},{"type":"sp_col","className":"layout-column col-sm-4","settings":{"column_type":0,"name":"footer-b","hidden_xs":0,"hidden_sm":0,"hidden_md":0,"sm_col":"","xs_col":"","custom_class":""}},{"type":"sp_col","className":"layout-column col-sm-4","settings":{"column_type":0,"name":"footer-c","hidden_xs":0,"hidden_sm":0,"hidden_md":0,"sm_col":"","xs_col":"","custom_class":""}}]},{"type":"row","layout":"444","settings":{"custom_class":"","fluidrow":0,"margin":"","padding":"","hidden_md":0,"hidden_sm":0,"hidden_xs":0,"link_hover_color":"","link_color":"","background_image":"","color":"","background_color":"","name":"Copyright"},"attr":[{"type":"sp_col","className":"layout-column col-sm-4","settings":{"custom_class":"center wow zoomIn animated","xs_col":"","sm_col":"","hidden_md":0,"hidden_sm":0,"hidden_xs":0,"name":"copyright-a","column_type":0,"sortableitem":"[object Object]"}},{"type":"sp_col","className":"layout-column col-sm-4","settings":{}},{"type":"sp_col","className":"layout-column col-sm-4","settings":{}}]}]